"#","User ID","Email ID","","Company","City","Site"
"1","6","rudresh64434@amazon.in","","AMAZON INDIA","Delhi","Gujrat"
"2","7","abhi@amazon.in","","AMAZON INDIA","Delhi","Gujrat"
"3","8","ankit@amazon.in","","AMAZON INDIA","Delhi","Gujrat"
"4","9","vivo@amazon.in","","AMAZON INDIA","Delhi","Gujrat"
"5","10","neem@amazon.in","","AMAZON INDIA","Delhi","MP"
"6","11","daad@amazon.in","","AMAZON INDIA","Delhi","Gujrat"
"7","12","at@amazon.in","","AMAZON INDIA","Delhi","dewas"
"8","13","rudra@amazon.in","","AMAZON INDIA","Delhi","Gujrat"
"9","14","prince@amazon.in","","AMAZON INDIA","Delhi","bombay"
"10","15","qwert@amazon.in","","AMAZON INDIA","Delhi","ban"
"11","16","vj@amazon.in","","AMAZON INDIA","Delhi","Gujrat"
"12","17","cg@amazon.in","","AMAZON INDIA","Delhi","Gujrat"
"13","18","bokare.verve@amazon.com","","AMAZON INDIA","Delhi","INdia"
"14","19","rudresh@amazon.in","","AMAZON INDIA","Delhi","ujjain"
"15","21","yyu@amazon.in","","AMAZON INDIA","Delhi","Gujrat"
"16","22","newuser@amazon.in","","AMAZON INDIA","Delhi","Gujrat"
"17","23","ramesh@amazon.in","","AMAZON INDIA","Delhi","Gujrat"
"18","28","gggg@amazon.in","","AMAZON INDIA","Delhi","ji"
"19","29","newtest@amazon.in","","AMAZON INDIA","Delhi","Gujrat"
"20","41","akshay@amazon.in","","AMAZON INDIA","Chennai","Gujrat"
"21","63","kartik@amazon.com","","AMAZON INDIA","Delhi","Gujrat"
"22","64","huihui@amazon.com","","AMAZON INDIA","Delhi","Gujrat"
"23","65","pubg@amazon.com","","AMAZON INDIA","Delhi","Gujrat"
"24","66","callofduty@amazon.com","","AMAZON INDIA","Delhi","indore"
"25","67","pubgindia@amazon.in","","AMAZON INDIA","Delhi","delhi"
"26","69","teachar_admin@amazon.com","","AMAZON INDIA","Delhi","blr"
"27","70","karthik@amazon.com","","AMAZON INDIA","Delhi","Del1"
"28","71","pokemon@amazon.com","","AMAZON INDIA","Delhi","Ahemdabad"
"29","75","pokeman@amazon.com","","AMAZON INDIA","Delhi","Mum01"
"30","93","mayurom@amazon.com","","AMAZON INDIA","",""
"31","94","aks@amazon.in","","AMAZON INDIA","Delhi","delhi"
"32","96","abc@amazon.com","","AMAZON INDIA","Delhi","Mum01"
"33","97","rudresh@amazon.com","","AMAZON INDIA","Delhi","Gujrat"
"34","98","akshaytest@amazon.com","","AMAZON INDIA","Delhi","Gujrat"
"35","113","abb@amazon.com","","AMAZON INDIA","Delhi","Bangalore1"
"36","125","admin@mailinator.com","","AMAZON INDIA","",""
"37","127","akshay2@amazon.in","","AMAZON INDIA","Delhi","Gujrat"
"38","130","nj@amazon.com","","AMAZON INDIA","Delhi","Gujrat"
"39","131","vikas@amazon.in","","AMAZON INDIA","Delhi","Gujarat"
"40","132","nj@amazon.in","","AMAZON INDIA","Delhi","Gujrat"
"41","133","cg@amazon.com","","AMAZON INDIA","Delhi","Gujrat"
"42","134","lastone@amazon.com","","AMAZON INDIA","Delhi","indore"
"43","135","done@amazon.com","","AMAZON INDIA","Delhi","bhopal"
"44","136","lol@amazon.in","","AMAZON INDIA","Delhi","test"
"45","137","qwerty@amazon.com","","AMAZON INDIA","Delhi","MP"
"46","137","43mayursinh.verve@gmail.com","","AMAZON INDIA","Delhi","MP"
